model,params,rmse,r2,train_time_sec,eval_time_sec
RandomForest_baseline,{},6.237111787239725,0.7881717032766605,192.4423201084137,35.05560493469238
RandomForest_tuned,"{'maxDepth': 10, 'numTrees': 40}",5.347006618746861,0.8443180145491819,3798.8488960266113,101.44918751716614
GBT_baseline,{},5.434969088659075,0.8391537000448814,994.0433392524719,40.8314368724823
GBT_tuned,"{'maxBins': 32, 'maxDepth': 8}",5.195372500651934,0.8530226878895215,10870.06252193451,76.22386312484741
