model,params,rmse,r2,train_time_sec,eval_time_sec
RandomForest_baseline,{},6.237142900516546,0.7881695898981937,221.5385022163391,37.60785794258118
RandomForest_tuned,"{'maxBins': 32, 'maxDepth': 8}",5.554914129172343,0.8319758845406111,2073.510644197464,75.26564764976501
GBT_baseline,{},5.434969088659075,0.8391537000448814,1034.7187099456787,41.3510479927063
GBT_tuned,"{'maxBins': 32, 'maxDepth': 8}",5.187879097356217,0.8534463595382457,11506.893397808075,71.00821924209595
