model,params,rmse,r2,train_time_sec,eval_time_sec
RandomForest_baseline,{},5.773042457757554,0.8185209817069883,222.97595643997192,42.06051683425903
RandomForest_tuned,"{'maxDepth': 10, 'numTrees': 40}",5.175614795124774,0.8541384549313951,3909.521023750305,116.97475934028625
GBT_baseline,{},5.356503616739675,0.8437644994234971,1051.0831775665283,43.41210651397705
GBT_tuned,"{'maxBins': 32, 'maxDepth': 8}",5.150261265350663,0.8555640042851146,10424.37124991417,79.0689959526062
